{
  "timesteps_executados": 10000,
  "total_solicitacoes": 11483074,
  "total_atendimentos": 10335450,
  "total_falhas": 1146350,
  "total_redirecionamentos": 0,
  "atendentes_adicionados": 1146350,
  "atendentes_removidos": 1146350,
  "atendimentos_por_servidor": {
    "A": 3149430,
    "B": 3700751,
    "C": 3485269
  },
  "falhas_por_servidor": {
    "A": 349901,
    "B": 409984,
    "C": 386465
  },
  "historico": [
    {
      "timestep": 1000,
      "solicitacoes": 2077,
      "buffer_suporte_total": 1076,
      "buffer_vendas_total": 1168
    },
    {
      "timestep": 2000,
      "solicitacoes": 917,
      "buffer_suporte_total": 457,
      "buffer_vendas_total": 497
    },
    {
      "timestep": 3000,
      "solicitacoes": 1211,
      "buffer_suporte_total": 598,
      "buffer_vendas_total": 634
    },
    {
      "timestep": 4000,
      "solicitacoes": 828,
      "buffer_suporte_total": 419,
      "buffer_vendas_total": 450
    },
    {
      "timestep": 5000,
      "solicitacoes": 1690,
      "buffer_suporte_total": 831,
      "buffer_vendas_total": 859
    },
    {
      "timestep": 6000,
      "solicitacoes": 995,
      "buffer_suporte_total": 516,
      "buffer_vendas_total": 479
    },
    {
      "timestep": 7000,
      "solicitacoes": 730,
      "buffer_suporte_total": 429,
      "buffer_vendas_total": 542
    },
    {
      "timestep": 8000,
      "solicitacoes": 1413,
      "buffer_suporte_total": 792,
      "buffer_vendas_total": 831
    },
    {
      "timestep": 9000,
      "solicitacoes": 406,
      "buffer_suporte_total": 198,
      "buffer_vendas_total": 208
    },
    {
      "timestep": 10000,
      "solicitacoes": 1087,
      "buffer_suporte_total": 576,
      "buffer_vendas_total": 698
    }
  ]
}